<?xml version="1.0" encoding="UTF-8"?>
<configuration scan="true" scanPeriod="60 seconds">

    <springProperty scope="context" name="LOG_LEVEL" source="logging.level.root"/>
    <appender name="CONSOLE" class="ch.qos.logback.core.ConsoleAppender">
        <encoder>
            <charset>UTF-8</charset>
            <Pattern>%cyan(%d{HH:mm:ssS}) %highlight([%-5level]) %cyan(%-40.40logger{39}) %red(:) %highlight(%msg%n%throwable)</Pattern>
        </encoder>
    </appender>
	
	<appender name="FILE" class="ch.qos.logback.core.rolling.RollingFileAppender">
        <File>${LOG_PATH}/app.log</File>
        <!--<prudent>true</prudent>-->
        <rollingPolicy class="ch.qos.logback.core.rolling.SizeAndTimeBasedRollingPolicy">
            <fileNamePattern>${LOG_PATH}/app.log.%d{yyyyMMdd}.%i.gz</fileNamePattern>
            <maxHistory>60</maxHistory>
            <maxFileSize>100MB</maxFileSize>
        </rollingPolicy>
        <encoder>
            <charset>UTF-8</charset>
            <Pattern>[%d{yyyy-MM-dd HH:mm:ss.SSS}] [%-5level] %-40.40logger{39} - %msg%n%throwable</Pattern>
        </encoder>
    </appender>
	
	<springProfile name="dev | prod">
        <root level="error">
          <appender-ref ref="FILE"/>
	      <appender-ref ref="CONSOLE" />
	    </root>
    </springProfile>
	
    <springProfile name="local">
        <logger name="org.hibernate.SQL" level="DEBUG"/>
        <logger name="org.hibernate.type.descriptor.sql.BasicBinder" level="TRACE"/>
        <root level="DEBUG">
          <!-- appender-ref ref="FILE"/-->
	      <appender-ref ref="CONSOLE" />
	    </root>
    </springProfile>
    

<typeAliases></typeAliases>
</configuration>